kada	meralco
kada	spot
meralco	spot
kada	prices
kada	manok
meralco	manok
spot	manok
kada	gumagamit
manok	gumagamit
kada	demand
meralco	demand
spot	demand
prices	demand
manok	demand
gumagamit	demand
kada	power
meralco	power
spot	power
manok	power
gumagamit	power
demand	power
kada	sapat
meralco	sapat
spot	sapat
manok	sapat
gumagamit	sapat
demand	sapat
power	sapat
kada	produkto
prices	produkto
manok	produkto
gumagamit	produkto
demand	produkto
power	produkto
sapat	produkto
kada	presyo
meralco	presyo
spot	presyo
prices	presyo
manok	presyo
gumagamit	presyo
demand	presyo
power	presyo
sapat	presyo
produkto	presyo
kada	singil
meralco	singil
spot	singil
manok	singil
gumagamit	singil
demand	singil
power	singil
sapat	singil
produkto	singil
presyo	singil
kada	price
meralco	price
spot	price
prices	price
manok	price
gumagamit	price
demand	price
power	price
sapat	price
produkto	price
presyo	price
singil	price
kada	kuryente
meralco	kuryente
spot	kuryente
manok	kuryente
gumagamit	kuryente
demand	kuryente
power	kuryente
sapat	kuryente
produkto	kuryente
presyo	kuryente
singil	kuryente
price	kuryente
kada	charge
meralco	charge
spot	charge
manok	charge
gumagamit	charge
power	charge
presyo	charge
singil	charge
price	charge
kuryente	charge
kada	market
meralco	market
spot	market
prices	market
manok	market
demand	market
power	market
produkto	market
presyo	market
singil	market
price	market
kuryente	market
kada	tumaas
meralco	tumaas
spot	tumaas
prices	tumaas
manok	tumaas
gumagamit	tumaas
demand	tumaas
power	tumaas
sapat	tumaas
produkto	tumaas
presyo	tumaas
singil	tumaas
price	tumaas
kuryente	tumaas
charge	tumaas
market	tumaas
kada	pangunahing
meralco	pangunahing
spot	pangunahing
prices	pangunahing
manok	pangunahing
gumagamit	pangunahing
power	pangunahing
sapat	pangunahing
produkto	pangunahing
presyo	pangunahing
singil	pangunahing
price	pangunahing
kuryente	pangunahing
market	pangunahing
tumaas	pangunahing
kada	bumaba
meralco	bumaba
spot	bumaba
prices	bumaba
manok	bumaba
gumagamit	bumaba
demand	bumaba
power	bumaba
sapat	bumaba
produkto	bumaba
presyo	bumaba
singil	bumaba
price	bumaba
kuryente	bumaba
charge	bumaba
market	bumaba
tumaas	bumaba
pangunahing	bumaba
kada	baboy
manok	baboy
demand	baboy
sapat	baboy
produkto	baboy
presyo	baboy
price	baboy
market	baboy
tumaas	baboy
pangunahing	baboy
bumaba	baboy
kada	kilo
meralco	kilo
manok	kilo
demand	kilo
power	kilo
sapat	kilo
produkto	kilo
presyo	kilo
singil	kilo
price	kilo
market	kilo
tumaas	kilo
pangunahing	kilo
bumaba	kilo
baboy	kilo
kada	oil
prices	oil
manok	oil
gumagamit	oil
demand	oil
power	oil
sapat	oil
produkto	oil
presyo	oil
singil	oil
price	oil
kuryente	oil
market	oil
tumaas	oil
pangunahing	oil
bumaba	oil
baboy	oil
kilo	oil
kada	gulay
meralco	gulay
manok	gulay
demand	gulay
sapat	gulay
produkto	gulay
presyo	gulay
price	gulay
kuryente	gulay
market	gulay
tumaas	gulay
pangunahing	gulay
bumaba	gulay
baboy	gulay
kilo	gulay
kada	produktong
manok	produktong
gumagamit	produktong
demand	produktong
sapat	produktong
produkto	produktong
presyo	produktong
singil	produktong
price	produktong
kuryente	produktong
charge	produktong
market	produktong
tumaas	produktong
pangunahing	produktong
bumaba	produktong
baboy	produktong
kilo	produktong
oil	produktong
gulay	produktong
kada	bentahan
meralco	bentahan
spot	bentahan
manok	bentahan
gumagamit	bentahan
sapat	bentahan
produkto	bentahan
presyo	bentahan
singil	bentahan
price	bentahan
kuryente	bentahan
market	bentahan
tumaas	bentahan
pangunahing	bentahan
bumaba	bentahan
baboy	bentahan
kilo	bentahan
oil	bentahan
gulay	bentahan
produktong	bentahan
kada	bigas
manok	bigas
gumagamit	bigas
demand	bigas
power	bigas
sapat	bigas
produkto	bigas
presyo	bigas
singil	bigas
price	bigas
kuryente	bigas
market	bigas
tumaas	bigas
pangunahing	bigas
bumaba	bigas
baboy	bigas
kilo	bigas
oil	bigas
gulay	bigas
produktong	bigas
bentahan	bigas
kada	palay
prices	palay
manok	palay
demand	palay
sapat	palay
produkto	palay
presyo	palay
price	palay
market	palay
tumaas	palay
pangunahing	palay
bumaba	palay
baboy	palay
kilo	palay
gulay	palay
produktong	palay
bentahan	palay
bigas	palay
meralco	bilihin
prices	bilihin
manok	bilihin
demand	bilihin
sapat	bilihin
produkto	bilihin
presyo	bilihin
singil	bilihin
price	bilihin
kuryente	bilihin
charge	bilihin
market	bilihin
tumaas	bilihin
pangunahing	bilihin
bumaba	bilihin
baboy	bilihin
oil	bilihin
gulay	bilihin
produktong	bilihin
bigas	bilihin
palay	bilihin
kada	gas
meralco	gas
prices	gas
gumagamit	gas
demand	gas
power	gas
sapat	gas
produkto	gas
presyo	gas
singil	gas
price	gas
kuryente	gas
charge	gas
tumaas	gas
pangunahing	gas
bumaba	gas
kilo	gas
oil	gas
gulay	gas
produktong	gas
bigas	gas
bilihin	gas
kada	gasolina
manok	gasolina
gumagamit	gasolina
demand	gasolina
sapat	gasolina
produkto	gasolina
presyo	gasolina
singil	gasolina
price	gasolina
kuryente	gasolina
market	gasolina
tumaas	gasolina
pangunahing	gasolina
bumaba	gasolina
oil	gasolina
gulay	gasolina
produktong	gasolina
bentahan	gasolina
bigas	gasolina
bilihin	gasolina
gas	gasolina
kada	diesel
prices	diesel
gumagamit	diesel
power	diesel
presyo	diesel
singil	diesel
price	diesel
kuryente	diesel
market	diesel
tumaas	diesel
pangunahing	diesel
bumaba	diesel
kilo	diesel
oil	diesel
produktong	diesel
bentahan	diesel
bigas	diesel
bilihin	diesel
gas	diesel
gasolina	diesel
kada	timbang
manok	timbang
power	timbang
sapat	timbang
produkto	timbang
presyo	timbang
price	timbang
tumaas	timbang
bumaba	timbang
baboy	timbang
kilo	timbang
oil	timbang
produktong	timbang
palay	timbang
kada	pamasahe
prices	pamasahe
manok	pamasahe
sapat	pamasahe
produkto	pamasahe
presyo	pamasahe
singil	pamasahe
kuryente	pamasahe
tumaas	pamasahe
pangunahing	pamasahe
bumaba	pamasahe
gulay	pamasahe
produktong	pamasahe
bigas	pamasahe
bilihin	pamasahe
gas	pamasahe
gasolina	pamasahe
kada	dagdag
meralco	dagdag
spot	dagdag
prices	dagdag
manok	dagdag
gumagamit	dagdag
demand	dagdag
power	dagdag
sapat	dagdag
produkto	dagdag
presyo	dagdag
singil	dagdag
price	dagdag
kuryente	dagdag
charge	dagdag
market	dagdag
tumaas	dagdag
pangunahing	dagdag
bumaba	dagdag
baboy	dagdag
kilo	dagdag
oil	dagdag
gulay	dagdag
produktong	dagdag
bigas	dagdag
palay	dagdag
bilihin	dagdag
gas	dagdag
gasolina	dagdag
diesel	dagdag
timbang	dagdag
pamasahe	dagdag
kada	karne
manok	karne
demand	karne
sapat	karne
produkto	karne
presyo	karne
price	karne
kuryente	karne
charge	karne
market	karne
tumaas	karne
pangunahing	karne
bumaba	karne
baboy	karne
kilo	karne
oil	karne
gulay	karne
produktong	karne
bentahan	karne
bigas	karne
bilihin	karne
gasolina	karne
pamasahe	karne
dagdag	karne
kada	generation
meralco	generation
spot	generation
prices	generation
gumagamit	generation
demand	generation
power	generation
sapat	generation
presyo	generation
singil	generation
price	generation
kuryente	generation
charge	generation
market	generation
tumaas	generation
bumaba	generation
oil	generation
gas	generation
diesel	generation
dagdag	generation
kada	konsumo
meralco	konsumo
spot	konsumo
demand	konsumo
power	konsumo
sapat	konsumo
presyo	konsumo
singil	konsumo
price	konsumo
kuryente	konsumo
market	konsumo
tumaas	konsumo
bumaba	konsumo
oil	konsumo
bigas	konsumo
bilihin	konsumo
gas	konsumo
gasolina	konsumo
diesel	konsumo
dagdag	konsumo
karne	konsumo
kada	kwh
meralco	kwh
spot	kwh
gumagamit	kwh
demand	kwh
power	kwh
presyo	kwh
singil	kwh
price	kwh
kuryente	kwh
charge	kwh
market	kwh
tumaas	kwh
bumaba	kwh
dagdag	kwh
generation	kwh
konsumo	kwh
kada	petrolyo
prices	petrolyo
gumagamit	petrolyo
demand	petrolyo
power	petrolyo
produkto	petrolyo
presyo	petrolyo
singil	petrolyo
price	petrolyo
kuryente	petrolyo
market	petrolyo
tumaas	petrolyo
pangunahing	petrolyo
bumaba	petrolyo
oil	petrolyo
produktong	petrolyo
bentahan	petrolyo
bigas	petrolyo
bilihin	petrolyo
gas	petrolyo
gasolina	petrolyo
diesel	petrolyo
pamasahe	petrolyo
dagdag	petrolyo
konsumo	petrolyo
kwh	petrolyo
kada	pagtaas
meralco	pagtaas
spot	pagtaas
prices	pagtaas
manok	pagtaas
gumagamit	pagtaas
demand	pagtaas
power	pagtaas
sapat	pagtaas
produkto	pagtaas
presyo	pagtaas
singil	pagtaas
price	pagtaas
kuryente	pagtaas
charge	pagtaas
market	pagtaas
tumaas	pagtaas
pangunahing	pagtaas
bumaba	pagtaas
baboy	pagtaas
kilo	pagtaas
oil	pagtaas
gulay	pagtaas
produktong	pagtaas
bentahan	pagtaas
bigas	pagtaas
palay	pagtaas
bilihin	pagtaas
gas	pagtaas
gasolina	pagtaas
diesel	pagtaas
timbang	pagtaas
pamasahe	pagtaas
dagdag	pagtaas
karne	pagtaas
generation	pagtaas
konsumo	pagtaas
kwh	pagtaas
petrolyo	pagtaas
kada	isda
manok	isda
gumagamit	isda
demand	isda
power	isda
sapat	isda
produkto	isda
presyo	isda
price	isda
kuryente	isda
market	isda
tumaas	isda
pangunahing	isda
bumaba	isda
baboy	isda
kilo	isda
oil	isda
gulay	isda
produktong	isda
bentahan	isda
bigas	isda
palay	isda
bilihin	isda
gas	isda
gasolina	isda
timbang	isda
dagdag	isda
karne	isda
petrolyo	isda
pagtaas	isda
kada	bahagyang
meralco	bahagyang
spot	bahagyang
manok	bahagyang
presyo	bahagyang
singil	bahagyang
price	bahagyang
kuryente	bahagyang
market	bahagyang
tumaas	bahagyang
pangunahing	bahagyang
bumaba	bahagyang
baboy	bahagyang
kilo	bahagyang
oil	bahagyang
gulay	bahagyang
produktong	bahagyang
bentahan	bahagyang
palay	bahagyang
diesel	bahagyang
timbang	bahagyang
karne	bahagyang
kwh	bahagyang
petrolyo	bahagyang
pagtaas	bahagyang
tumaas	presyon
pangunahing	presyon
bumaba	presyon
bigas	presyon
bilihin	presyon
timbang	presyon
pagtaas	presyon
kada	merkado
spot	merkado
prices	merkado
manok	merkado
demand	merkado
sapat	merkado
produkto	merkado
presyo	merkado
price	merkado
kuryente	merkado
charge	merkado
market	merkado
tumaas	merkado
pangunahing	merkado
bumaba	merkado
baboy	merkado
kilo	merkado
oil	merkado
gulay	merkado
produktong	merkado
bentahan	merkado
bigas	merkado
palay	merkado
bilihin	merkado
gas	merkado
gasolina	merkado
dagdag	merkado
karne	merkado
petrolyo	merkado
pagtaas	merkado
isda	merkado
kada	pamilihan
prices	pamilihan
manok	pamilihan
demand	pamilihan
power	pamilihan
sapat	pamilihan
produkto	pamilihan
presyo	pamilihan
singil	pamilihan
price	pamilihan
market	pamilihan
tumaas	pamilihan
pangunahing	pamilihan
bumaba	pamilihan
baboy	pamilihan
kilo	pamilihan
oil	pamilihan
gulay	pamilihan
produktong	pamilihan
bentahan	pamilihan
bigas	pamilihan
palay	pamilihan
bilihin	pamilihan
gasolina	pamilihan
diesel	pamilihan
pamasahe	pamilihan
dagdag	pamilihan
karne	pamilihan
petrolyo	pamilihan
pagtaas	pamilihan
isda	pamilihan
merkado	pamilihan
kada	langis
prices	langis
gumagamit	langis
demand	langis
power	langis
sapat	langis
produkto	langis
presyo	langis
singil	langis
price	langis
kuryente	langis
market	langis
tumaas	langis
pangunahing	langis
bumaba	langis
baboy	langis
oil	langis
gulay	langis
produktong	langis
bentahan	langis
bigas	langis
palay	langis
bilihin	langis
gas	langis
gasolina	langis
diesel	langis
pamasahe	langis
dagdag	langis
karne	langis
generation	langis
konsumo	langis
petrolyo	langis
pagtaas	langis
isda	langis
bahagyang	langis
merkado	langis
pamilihan	langis
kada	supply
meralco	supply
spot	supply
prices	supply
manok	supply
gumagamit	supply
demand	supply
power	supply
sapat	supply
produkto	supply
presyo	supply
singil	supply
price	supply
kuryente	supply
charge	supply
market	supply
tumaas	supply
pangunahing	supply
bumaba	supply
baboy	supply
kilo	supply
oil	supply
gulay	supply
produktong	supply
bentahan	supply
bigas	supply
palay	supply
bilihin	supply
gas	supply
gasolina	supply
dagdag	supply
karne	supply
generation	supply
konsumo	supply
kwh	supply
petrolyo	supply
pagtaas	supply
isda	supply
bahagyang	supply
merkado	supply
pamilihan	supply
langis	supply
kada	electricity
meralco	electricity
spot	electricity
gumagamit	electricity
demand	electricity
power	electricity
presyo	electricity
singil	electricity
kuryente	electricity
charge	electricity
market	electricity
tumaas	electricity
pangunahing	electricity
bumaba	electricity
gas	electricity
dagdag	electricity
karne	electricity
generation	electricity
konsumo	electricity
kwh	electricity
pagtaas	electricity
supply	electricity
kada	litro
prices	litro
power	litro
produkto	litro
presyo	litro
singil	litro
price	litro
market	litro
tumaas	litro
bumaba	litro
oil	litro
produktong	litro
bentahan	litro
bigas	litro
bilihin	litro
gas	litro
gasolina	litro
diesel	litro
dagdag	litro
konsumo	litro
petrolyo	litro
pagtaas	litro
langis	litro
kada	sentimos
meralco	sentimos
power	sentimos
sapat	sentimos
produkto	sentimos
presyo	sentimos
singil	sentimos
price	sentimos
kuryente	sentimos
charge	sentimos
market	sentimos
tumaas	sentimos
bumaba	sentimos
kilo	sentimos
oil	sentimos
produktong	sentimos
bigas	sentimos
palay	sentimos
gas	sentimos
gasolina	sentimos
diesel	sentimos
pamasahe	sentimos
dagdag	sentimos
generation	sentimos
kwh	sentimos
petrolyo	sentimos
pagtaas	sentimos
merkado	sentimos
langis	sentimos
supply	sentimos
litro	sentimos
kada	galunggong
manok	galunggong
presyo	galunggong
price	galunggong
market	galunggong
tumaas	galunggong
pangunahing	galunggong
bumaba	galunggong
baboy	galunggong
kilo	galunggong
oil	galunggong
gulay	galunggong
produktong	galunggong
bentahan	galunggong
bigas	galunggong
bilihin	galunggong
karne	galunggong
pagtaas	galunggong
isda	galunggong
merkado	galunggong
pamilihan	galunggong
supply	galunggong
kada	lpg
meralco	lpg
prices	lpg
gumagamit	lpg
demand	lpg
sapat	lpg
produkto	lpg
presyo	lpg
price	lpg
kuryente	lpg
market	lpg
tumaas	lpg
pangunahing	lpg
bumaba	lpg
kilo	lpg
oil	lpg
produktong	lpg
bentahan	lpg
bigas	lpg
bilihin	lpg
gas	lpg
gasolina	lpg
diesel	lpg
timbang	lpg
dagdag	lpg
petrolyo	lpg
pagtaas	lpg
isda	lpg
merkado	lpg
pamilihan	lpg
langis	lpg
supply	lpg
electricity	lpg
litro	lpg
sentimos	lpg
kada	suplay
meralco	suplay
spot	suplay
manok	suplay
gumagamit	suplay
demand	suplay
power	suplay
sapat	suplay
produkto	suplay
presyo	suplay
singil	suplay
price	suplay
kuryente	suplay
market	suplay
tumaas	suplay
pangunahing	suplay
bumaba	suplay
baboy	suplay
kilo	suplay
gulay	suplay
produktong	suplay
bentahan	suplay
bigas	suplay
palay	suplay
bilihin	suplay
gas	suplay
gasolina	suplay
diesel	suplay
dagdag	suplay
karne	suplay
generation	suplay
konsumo	suplay
kwh	suplay
petrolyo	suplay
pagtaas	suplay
isda	suplay
merkado	suplay
pamilihan	suplay
langis	suplay
supply	suplay
galunggong	suplay
lpg	suplay
kada	meralco
kada	spot
meralco	spot
